Customer_ID,Age,Annual_Income,Purchase_Amount,Purchased
CUST1000,55,82600,5142.49,Yes
CUST1001,61,141277,5121.13,No
CUST1002,30,44394,3848.29,No
CUST1003,26,120503,4453.19,Yes
CUST1004,27,66424,4310.42,Yes
CUST1005,29,124665,7558.23,No
CUST1006,23,110578,5360.76,Yes
CUST1007,33,133874,3500.86,No
CUST1008,18,78373,5597.9,Yes
CUST1009,34,110991,4711.99,Yes
CUST1010,19,85194,419.35,Yes
CUST1011,30,31054,5719.78,Yes
CUST1012,25,33845,2670.95,No
CUST1013,63,58835,5867.7,Yes
CUST1014,24,126613,3558.1,Yes
CUST1015,43,76905,2812.51,No
CUST1016,68,138698,5741.51,Yes
CUST1017,38,63917,2758.71,Yes
CUST1018,55,37042,4329.95,No
CUST1019,36,45751,5306.57,No
CUST1020,38,105549,5918.35,Yes
CUST1021,29,143359,6117.33,Yes
CUST1022,60,51284,4945.58,Yes
CUST1023,46,76225,3751.41,No
CUST1024,47,132310,7885.72,Yes
CUST1025,32,133550,4091.03,Yes
CUST1026,68,97753,7705.38,Yes
CUST1027,22,146319,4321.21,Yes
CUST1028,41,120797,6741.93,No
CUST1029,41,136392,6604.95,Yes
CUST1030,59,147729,3431.7,Yes
CUST1031,67,118632,5532.93,No
CUST1032,48,118241,6133.09,Yes
CUST1033,50,62262,6051.47,Yes
CUST1034,40,63010,4701.59,Yes
CUST1035,31,124662,5452.94,Yes
CUST1036,59,59169,4407.97,Yes
CUST1037,27,42600,3242.28,No
CUST1038,25,147283,6476.02,Yes
CUST1039,40,32743,4160.48,Yes
CUST1040,19,30096,7069.64,No
CUST1041,18,56567,5903.68,Yes
CUST1042,35,105069,3661.03,No
CUST1043,26,29022,4758.2,No
CUST1044,42,142416,4570.42,Yes
CUST1045,31,135968,3693.67,Yes
CUST1046,69,116810,5752.14,No
CUST1047,65,39751,4282.08,Yes
CUST1048,60,26659,7447.54,Yes
CUST1049,26,107481,6291.34,No
CUST1050,48,79179,3679.72,Yes
CUST1051,25,67669,4971.5,No
CUST1052,21,45515,4659.86,Yes
CUST1053,24,56810,2653.24,Yes
CUST1054,39,128386,6396.88,Yes
CUST1055,67,133653,6424.71,No
CUST1056,21,143745,6388.25,Yes
CUST1057,22,124267,4314.52,No
CUST1058,42,67803,6603.48,Yes
CUST1059,67,89954,4685.37,Yes
CUST1060,61,65898,6402.72,Yes
CUST1061,30,102523,7718.79,No
CUST1062,44,129829,5210.16,Yes
CUST1063,34,43578,2871.28,No
CUST1064,63,51683,4524.65,No
CUST1065,69,105023,5961.48,Yes
CUST1066,59,63531,6829.81,Yes
CUST1067,36,90019,3299.31,Yes
CUST1068,33,106710,4714.18,No
CUST1069,18,27297,5350.01,No
CUST1070,22,79405,5652.5,No
CUST1071,43,129627,6365.64,Yes
CUST1072,65,139676,3577.34,Yes
CUST1073,52,144344,4364.78,No
CUST1074,41,53489,6511.95,Yes
CUST1075,25,47784,5588.5,Yes
CUST1076,44,123462,5672.57,Yes
CUST1077,43,137124,6687.99,No
CUST1078,58,126822,5156.08,Yes
CUST1079,40,46444,5792.01,No
CUST1080,27,29033,4528.15,No
CUST1081,21,106021,2982.48,No
CUST1082,57,106479,3057.11,Yes
CUST1083,41,31348,5111.48,No
CUST1084,54,142043,4700.66,Yes
CUST1085,45,92735,4018.1,No
CUST1086,55,120826,5477.02,No
CUST1087,37,95783,3664.59,Yes
CUST1088,56,70411,5167.01,Yes
CUST1089,26,79714,4970.72,Yes
CUST1090,50,135872,3740.02,Yes
CUST1091,52,45518,1552.69,Yes
CUST1092,28,38891,7184.79,Yes
CUST1093,41,31090,5474.96,No
CUST1094,33,44876,1003.81,Yes
CUST1095,65,85344,4360.36,Yes
CUST1096,41,52293,5590.68,Yes
CUST1097,43,90831,4657.79,Yes
CUST1098,25,141289,5870.5,Yes
CUST1099,69,112634,3540.1,Yes
CUST1100,46,47988,5262.75,Yes
CUST1101,28,48431,4919.77,Yes
CUST1102,64,85985,4725.41,Yes
CUST1103,50,94804,4668.46,Yes
CUST1104,42,59621,5299.64,Yes
CUST1105,41,84450,6399.08,Yes
CUST1106,19,128889,4204.82,No
CUST1107,67,49724,4389.14,Yes
CUST1108,31,146739,5240.85,Yes
CUST1109,21,21003,4819.78,Yes
CUST1110,18,128305,5578.4,Yes
CUST1111,31,66853,6077.44,Yes
CUST1112,24,122637,6936.78,No
CUST1113,39,132847,4825.33,Yes
CUST1114,24,42922,1584.05,No
CUST1115,20,145182,4895.56,Yes
CUST1116,30,148413,5530.81,No
CUST1117,45,23217,4719.57,No
CUST1118,39,42737,4770.15,Yes
CUST1119,29,34766,1351.24,Yes
CUST1120,25,82471,5761.98,Yes
CUST1121,31,64049,4513.95,Yes
CUST1122,26,47378,2733.39,Yes
CUST1123,29,83574,3692.87,Yes
CUST1124,30,148317,3702.76,No
CUST1125,61,40800,5913.12,Yes
CUST1126,38,33831,5842.46,Yes
CUST1127,48,140605,7272.13,Yes
CUST1128,54,149820,5971.89,No
CUST1129,57,97684,2972.53,Yes
CUST1130,25,52227,2886.19,Yes
CUST1131,63,61003,6696.09,No
CUST1132,22,40962,7350.03,No
CUST1133,66,32343,4643.38,No
CUST1134,36,115464,5838.2,No
CUST1135,50,129829,2742.66,Yes
CUST1136,31,101202,2084.12,No
CUST1137,28,105852,3238.96,No
CUST1138,41,63199,4464.22,Yes
CUST1139,35,130260,4217.94,Yes
CUST1140,25,112265,4654.83,Yes
CUST1141,42,132546,4263.48,Yes
CUST1142,28,58114,6018.95,No
CUST1143,46,87539,7141.32,Yes
CUST1144,38,60781,5054.3,Yes
CUST1145,50,43717,8045.0,No
CUST1146,30,35833,4048.39,No
CUST1147,19,48598,4212.34,No
CUST1148,48,95012,5581.6,No
CUST1149,59,34123,4467.8,Yes
CUST1150,42,149163,6765.58,Yes
CUST1151,36,105533,4038.34,Yes
CUST1152,69,132460,6984.04,Yes
CUST1153,51,104441,5291.26,No
CUST1154,20,91072,8848.18,Yes
CUST1155,62,85202,4303.83,No
CUST1156,46,71432,4695.96,Yes
CUST1157,57,60627,5218.48,No
CUST1158,52,142538,1728.46,Yes
CUST1159,28,33719,5903.4,Yes
CUST1160,50,141715,5721.27,Yes
CUST1161,59,51869,5163.98,Yes
CUST1162,36,79993,2683.41,No
CUST1163,40,45643,2680.16,Yes
CUST1164,24,112414,5879.93,Yes
CUST1165,20,31634,6762.77,Yes
CUST1166,25,64915,7391.7,Yes
CUST1167,57,63624,3656.84,Yes
CUST1168,66,71032,3453.8,Yes
CUST1169,33,69247,4592.09,Yes
CUST1170,23,20284,2036.4,No
CUST1171,35,105056,4116.6,No
CUST1172,60,126610,6277.68,No
CUST1173,38,60150,7451.9,Yes
CUST1174,66,122142,5418.73,Yes
CUST1175,40,24922,7460.83,Yes
CUST1176,55,137592,5616.31,No
CUST1177,31,138399,5287.05,Yes
CUST1178,67,59219,4742.84,Yes
CUST1179,68,28086,5280.41,Yes
CUST1180,51,54826,4617.72,Yes
CUST1181,38,56715,4788.63,Yes
CUST1182,28,33855,4007.16,Yes
CUST1183,50,64532,5388.55,Yes
CUST1184,43,30249,5021.67,Yes
CUST1185,39,90759,2780.63,No
CUST1186,57,82598,4638.95,Yes
CUST1187,50,81086,3716.49,No
CUST1188,37,146787,1927.7,Yes
CUST1189,43,76978,5725.83,Yes
CUST1190,67,99500,7338.03,Yes
CUST1191,32,117609,8554.6,Yes
CUST1192,31,79466,7343.63,Yes
CUST1193,38,29563,3693.8,No
CUST1194,61,62945,6762.87,No
CUST1195,24,36597,6679.85,Yes
CUST1196,31,68693,2018.26,Yes
CUST1197,33,130762,6291.93,No
CUST1198,42,122022,5940.77,No
CUST1199,27,149417,5244.21,Yes
CUST1200,20,128708,5432.93,Yes
CUST1201,25,23062,5087.46,Yes
CUST1202,23,64503,7447.9,No
CUST1203,54,30427,4397.32,Yes
CUST1204,55,95528,4700.09,Yes
CUST1205,39,57301,5011.08,Yes
CUST1206,58,132599,5413.5,No
CUST1207,31,109618,2355.13,Yes
CUST1208,45,81546,7081.96,Yes
CUST1209,67,144949,5339.3,Yes
CUST1210,67,88675,5853.69,Yes
CUST1211,65,149533,5295.97,Yes
CUST1212,31,113198,4720.34,Yes
CUST1213,58,32308,4467.14,Yes
CUST1214,32,51723,5144.17,Yes
CUST1215,63,104348,5228.08,Yes
CUST1216,41,125429,6732.89,Yes
CUST1217,34,53033,5519.09,No
CUST1218,46,65610,4799.77,No
CUST1219,60,29154,7979.85,Yes
CUST1220,63,134452,3080.86,Yes
CUST1221,21,35723,2989.69,Yes
CUST1222,20,33200,5531.9,Yes
CUST1223,32,81242,4681.44,Yes
CUST1224,64,131693,2338.11,No
CUST1225,18,140874,4531.66,No
CUST1226,47,62275,3934.02,Yes
CUST1227,29,103787,6696.69,Yes
CUST1228,53,41660,4068.12,Yes
CUST1229,47,53514,6575.92,Yes
CUST1230,51,142965,5689.67,No
CUST1231,20,100930,4690.5,No
CUST1232,38,63948,5031.76,No
CUST1233,37,135946,5642.99,No
CUST1234,66,64022,1537.94,No
CUST1235,50,129788,5490.6,Yes
CUST1236,46,107762,4431.32,No
CUST1237,36,65448,7696.88,Yes
CUST1238,49,23870,3963.1,No
CUST1239,46,48224,6713.85,No
CUST1240,48,57581,1227.61,No
CUST1241,28,90930,6221.94,Yes
CUST1242,26,38598,5414.15,No
CUST1243,63,57108,4629.48,Yes
CUST1244,53,137643,4818.67,Yes
CUST1245,50,136664,4609.16,No
CUST1246,26,149204,5634.5,Yes
CUST1247,38,119027,4798.63,Yes
CUST1248,31,78188,2318.39,No
CUST1249,68,59876,4721.28,Yes
CUST1250,33,51213,8352.08,Yes
CUST1251,59,76345,5070.27,Yes
CUST1252,18,53512,5436.18,No
CUST1253,62,36739,4342.92,No
CUST1254,37,56421,5261.08,No
CUST1255,42,108607,5266.92,Yes
CUST1256,67,113243,4608.2,Yes
CUST1257,60,67422,6294.9,No
CUST1258,38,71229,3615.38,Yes
CUST1259,62,119650,4804.71,Yes
CUST1260,33,55451,5757.58,No
CUST1261,48,66112,4599.49,Yes
CUST1262,45,81255,3164.18,No
CUST1263,32,110361,5837.4,Yes
CUST1264,69,54748,3526.76,Yes
CUST1265,37,54812,4329.04,No
CUST1266,44,132989,3757.78,Yes
CUST1267,61,27368,4833.91,No
CUST1268,40,143803,4355.92,No
CUST1269,25,64897,4288.12,Yes
CUST1270,53,111101,6021.47,No
CUST1271,65,35428,7643.91,Yes
CUST1272,64,92230,4463.73,Yes
CUST1273,69,59228,5783.98,Yes
CUST1274,52,90753,4466.88,Yes
CUST1275,54,28694,5148.41,No
CUST1276,54,88361,6691.63,No
CUST1277,50,61795,5075.44,Yes
CUST1278,37,140142,3776.68,No
CUST1279,21,53599,3905.11,Yes
CUST1280,42,48436,4074.88,No
CUST1281,37,88003,4980.04,No
CUST1282,55,43991,6287.02,No
CUST1283,48,51475,2961.8,Yes
CUST1284,56,69308,3444.07,Yes
CUST1285,65,25805,3613.19,Yes
CUST1286,57,53884,2375.89,Yes
CUST1287,23,123864,6988.88,Yes
CUST1288,33,89498,4945.43,Yes
CUST1289,67,147795,7851.17,Yes
CUST1290,41,96292,2863.5,Yes
CUST1291,50,58607,6941.27,Yes
CUST1292,60,20971,3947.53,No
CUST1293,28,118335,4388.95,Yes
CUST1294,20,119044,3516.55,Yes
CUST1295,42,72300,3575.2,No
CUST1296,52,38868,3014.38,No
CUST1297,48,92954,5324.5,Yes
CUST1298,35,144710,3028.7,Yes
CUST1299,22,29811,4637.3,No
CUST1300,18,76016,4986.2,No
CUST1301,32,41359,5999.92,Yes
CUST1302,35,146436,5150.59,Yes
CUST1303,57,97898,5481.99,Yes
CUST1304,53,121958,5771.62,Yes
CUST1305,35,78266,4974.12,No
CUST1306,46,66820,5545.02,No
CUST1307,40,28377,3530.42,No
CUST1308,56,40254,3836.79,Yes
CUST1309,59,50819,7846.27,No
CUST1310,28,50144,4982.4,Yes
CUST1311,31,95558,3934.25,No
CUST1312,24,119218,7069.82,No
CUST1313,43,20991,4764.74,No
CUST1314,56,132681,4030.26,Yes
CUST1315,66,112658,2826.51,Yes
CUST1316,66,41343,6169.24,No
CUST1317,68,34137,3370.55,No
CUST1318,62,141520,4191.45,No
CUST1319,59,143562,5966.15,No
CUST1320,18,121745,5275.45,Yes
CUST1321,40,88850,4870.36,Yes
CUST1322,34,34260,4679.02,No
CUST1323,37,85174,6718.89,No
CUST1324,27,83040,8345.41,No
CUST1325,66,78310,4176.86,No
CUST1326,46,117469,5853.36,Yes
CUST1327,69,133852,7893.2,Yes
CUST1328,65,109184,6618.59,Yes
CUST1329,28,71355,3969.75,Yes
CUST1330,22,149280,4353.98,Yes
CUST1331,41,125114,4103.05,No
CUST1332,32,56658,3629.83,Yes
CUST1333,39,90646,4064.14,Yes
CUST1334,64,27444,5392.81,No
CUST1335,21,102682,4119.46,Yes
CUST1336,42,48698,6314.3,Yes
CUST1337,34,39393,5184.88,No
CUST1338,64,128901,4404.31,Yes
CUST1339,33,85485,6329.13,Yes
CUST1340,25,148488,5478.46,No
CUST1341,32,71986,5397.3,Yes
CUST1342,31,123356,6560.06,No
CUST1343,33,139037,5859.9,Yes
CUST1344,43,57330,4836.65,Yes
CUST1345,38,49414,6406.33,Yes
CUST1346,39,124763,5463.98,Yes
CUST1347,68,126101,9375.96,No
CUST1348,64,45969,6648.03,Yes
CUST1349,47,22622,6729.82,Yes
CUST1350,62,33810,6936.49,No
CUST1351,55,31255,5119.76,Yes
CUST1352,40,31942,6969.34,Yes
CUST1353,45,49335,5035.04,Yes
CUST1354,30,120932,3753.24,No
CUST1355,30,54501,4154.02,No
CUST1356,44,34525,5791.93,No
CUST1357,30,82807,2658.32,No
CUST1358,25,21474,5312.53,No
CUST1359,41,148787,3907.47,No
CUST1360,57,123159,6077.32,Yes
CUST1361,61,26820,3880.74,Yes
CUST1362,30,68913,7808.45,No
CUST1363,68,101045,6151.73,No
CUST1364,56,53997,3096.71,No
CUST1365,45,101258,7638.14,Yes
CUST1366,66,50584,4659.12,No
CUST1367,23,58643,3908.79,No
CUST1368,52,52410,3464.3,Yes
CUST1369,51,89361,5851.65,Yes
CUST1370,61,132032,7256.78,Yes
CUST1371,44,141352,4132.36,No
CUST1372,23,68008,3503.57,No
CUST1373,27,87476,3290.45,Yes
CUST1374,43,52750,7244.61,Yes
CUST1375,45,70244,7506.09,Yes
CUST1376,61,136306,4477.29,Yes
CUST1377,19,36694,5806.56,No
CUST1378,36,77336,4995.64,No
CUST1379,48,105717,4909.05,Yes
CUST1380,50,22431,6446.03,Yes
CUST1381,44,23047,5661.43,Yes
CUST1382,38,66813,5494.23,Yes
CUST1383,48,120855,4561.13,Yes
CUST1384,57,106730,6223.4,No
CUST1385,18,47737,4576.99,Yes
CUST1386,40,89399,5074.88,Yes
CUST1387,52,61822,5329.22,Yes
CUST1388,21,85498,3198.27,Yes
CUST1389,24,104749,4551.36,Yes
CUST1390,30,118302,4531.1,Yes
CUST1391,57,139179,5151.8,Yes
CUST1392,56,74186,3332.27,No
CUST1393,37,111530,3220.17,Yes
CUST1394,65,82680,7435.19,Yes
CUST1395,66,70200,6734.67,No
CUST1396,24,108879,6333.56,No
CUST1397,31,68377,7737.23,No
CUST1398,54,123876,5629.39,Yes
CUST1399,41,122315,4863.38,Yes
CUST1400,40,79099,5723.26,Yes
CUST1401,20,147609,2181.07,No
CUST1402,46,30381,3352.88,Yes
CUST1403,60,43558,6137.96,No
CUST1404,49,69154,5048.92,Yes
CUST1405,27,104291,3083.55,Yes
CUST1406,59,141181,5987.81,No
CUST1407,42,130826,6498.35,No
CUST1408,63,23460,6001.82,Yes
CUST1409,47,37564,4954.55,Yes
CUST1410,30,26179,3745.93,No
CUST1411,36,47621,5161.39,Yes
CUST1412,60,134642,5640.39,Yes
CUST1413,29,42886,4462.12,Yes
CUST1414,59,123629,5904.55,No
CUST1415,54,65230,5471.65,Yes
CUST1416,66,48750,5499.67,Yes
CUST1417,34,106633,1951.19,No
CUST1418,48,84902,6621.64,Yes
CUST1419,69,119547,7586.59,Yes
CUST1420,60,119152,4396.3,No
CUST1421,38,34484,2784.65,Yes
CUST1422,53,35511,5958.39,Yes
CUST1423,59,43359,4301.51,No
CUST1424,35,96259,3549.48,Yes
CUST1425,20,39143,6826.57,Yes
CUST1426,39,104230,2924.93,Yes
CUST1427,47,139573,6076.14,Yes
CUST1428,54,46560,3128.4,Yes
CUST1429,63,109138,7193.4,No
CUST1430,64,112250,5774.83,Yes
CUST1431,34,56873,4613.91,No
CUST1432,45,27785,5224.05,No
CUST1433,26,53628,5873.13,No
CUST1434,46,69091,6244.84,Yes
CUST1435,20,31250,6241.69,Yes
CUST1436,53,139381,5820.1,Yes
CUST1437,31,138255,4283.93,No
CUST1438,59,49729,5996.12,No
CUST1439,54,38887,3033.01,Yes
CUST1440,54,147097,6506.14,Yes
CUST1441,58,115624,6309.51,Yes
CUST1442,36,89095,7091.12,Yes
CUST1443,51,50515,4116.83,Yes
CUST1444,56,122433,5279.32,Yes
CUST1445,69,124423,6287.43,Yes
CUST1446,64,66718,5476.79,Yes
CUST1447,58,65923,4360.0,Yes
CUST1448,43,43997,5461.0,Yes
CUST1449,57,29735,5102.05,Yes
CUST1450,66,27165,6493.56,No
CUST1451,55,139611,4057.31,Yes
CUST1452,20,78793,5509.23,No
CUST1453,52,100923,5439.4,No
CUST1454,46,116051,6135.99,Yes
CUST1455,32,29512,4890.66,Yes
CUST1456,29,115098,5190.97,No
CUST1457,60,83943,4893.58,No
CUST1458,44,119172,5051.1,Yes
CUST1459,58,138317,5012.54,No
CUST1460,39,116094,4509.88,Yes
CUST1461,34,123049,9240.95,Yes
CUST1462,46,63759,3734.13,Yes
CUST1463,55,60920,3239.89,No
CUST1464,59,61006,3806.56,Yes
CUST1465,63,53401,3934.92,Yes
CUST1466,58,139354,5017.15,Yes
CUST1467,60,42549,7146.4,Yes
CUST1468,29,30166,7532.58,Yes
CUST1469,40,70432,5355.99,No
CUST1470,24,114867,1252.68,No
CUST1471,50,32435,5576.54,Yes
CUST1472,32,42357,3034.02,No
CUST1473,54,58939,4248.95,No
CUST1474,41,80136,3275.42,No
CUST1475,29,116494,5638.43,Yes
CUST1476,53,57610,4060.09,Yes
CUST1477,50,142261,6158.18,No
CUST1478,64,34686,5715.95,No
CUST1479,45,92943,4639.9,Yes
CUST1480,67,109490,5120.84,No
CUST1481,56,74979,6376.13,Yes
CUST1482,18,100890,4441.8,Yes
CUST1483,40,146243,6373.43,No
CUST1484,51,21119,4971.03,Yes
CUST1485,24,118333,5404.1,Yes
CUST1486,54,67463,6198.86,No
CUST1487,36,98102,6997.3,No
CUST1488,45,25560,5781.22,Yes
CUST1489,46,53015,5087.56,No
CUST1490,55,142634,6081.03,Yes
CUST1491,56,78154,2681.83,No
CUST1492,68,108648,7458.44,No
CUST1493,48,31807,3011.76,Yes
CUST1494,68,131500,6355.56,Yes
CUST1495,64,143474,4153.75,No
CUST1496,25,49319,5760.88,Yes
CUST1497,39,138487,4825.15,Yes
CUST1498,34,22184,5455.38,No
CUST1499,57,54109,3798.82,No
CUST1500,47,133687,1759.06,Yes
CUST1501,29,31758,5609.98,Yes
CUST1502,32,41794,4099.24,Yes
CUST1503,58,116222,4027.05,Yes
CUST1504,48,114459,3912.02,Yes
CUST1505,26,134819,7976.62,No
CUST1506,58,139095,4126.71,Yes
CUST1507,66,81936,5490.22,No
CUST1508,48,100746,3259.34,Yes
CUST1509,41,90596,7284.65,Yes
CUST1510,20,51728,4165.6,Yes
CUST1511,46,112175,1099.04,Yes
CUST1512,18,142136,9067.92,Yes
CUST1513,57,113150,3352.78,No
CUST1514,30,134238,6963.4,Yes
CUST1515,35,144010,6099.61,Yes
CUST1516,51,126617,5978.27,Yes
CUST1517,28,32826,4652.77,No
CUST1518,46,116244,5283.8,No
CUST1519,59,99458,6835.9,Yes
CUST1520,29,83725,4548.6,Yes
CUST1521,23,95311,5376.96,Yes
CUST1522,35,112631,6392.44,Yes
CUST1523,23,125960,5125.08,Yes
CUST1524,60,72387,4362.53,No
CUST1525,40,24596,7177.52,No
CUST1526,32,78000,5512.53,Yes
CUST1527,41,28407,4812.24,Yes
CUST1528,35,88847,3836.16,Yes
CUST1529,28,86010,3491.6,No
CUST1530,26,29166,6340.68,No
CUST1531,66,83831,6423.9,No
CUST1532,37,119513,1743.93,Yes
CUST1533,30,123704,4076.76,No
CUST1534,43,131543,6447.33,Yes
CUST1535,31,136529,8636.46,Yes
CUST1536,34,76628,8225.53,No
CUST1537,22,51512,6412.8,No
CUST1538,42,101295,7060.0,Yes
CUST1539,45,27363,4208.87,Yes
CUST1540,68,92777,6161.8,Yes
CUST1541,22,80590,3144.25,Yes
CUST1542,21,26548,4157.19,Yes
CUST1543,30,116578,5481.46,No
CUST1544,20,140798,8251.91,No
CUST1545,30,140844,6121.94,Yes
CUST1546,50,147385,5410.74,Yes
CUST1547,50,134304,4744.87,No
CUST1548,33,63105,3016.34,Yes
CUST1549,54,84738,5904.29,Yes
CUST1550,28,118253,4476.36,No
CUST1551,30,145067,5358.57,No
CUST1552,36,131962,3666.0,Yes
CUST1553,48,149816,5181.88,Yes
CUST1554,23,91923,2694.46,Yes
CUST1555,34,35414,5755.86,Yes
CUST1556,49,76171,6979.59,Yes
CUST1557,50,62748,6370.93,No
CUST1558,61,90505,8170.74,Yes
CUST1559,62,58575,5486.83,Yes
CUST1560,49,37869,5758.05,No
CUST1561,61,125335,5772.3,No
CUST1562,53,97096,3680.41,No
CUST1563,62,121819,8229.85,Yes
CUST1564,42,45567,6482.87,Yes
CUST1565,33,80134,4635.76,Yes
CUST1566,39,60953,3645.75,Yes
CUST1567,37,115055,5872.26,No
CUST1568,31,97401,6286.32,No
CUST1569,51,68105,5206.83,Yes
CUST1570,22,84287,5279.11,Yes
CUST1571,57,137230,4717.82,Yes
CUST1572,21,110936,4995.88,Yes
CUST1573,52,43282,7002.71,No
CUST1574,52,26177,7100.93,Yes
CUST1575,60,113606,2749.73,Yes
CUST1576,32,113148,5208.32,No
CUST1577,36,143371,3193.85,Yes
CUST1578,56,143284,2996.46,No
CUST1579,56,125358,5878.93,No
CUST1580,66,134185,3737.65,No
CUST1581,35,39946,269.96,Yes
CUST1582,23,31587,5967.73,Yes
CUST1583,56,98417,6923.21,No
CUST1584,45,26223,8058.17,No
CUST1585,26,54691,4405.56,No
CUST1586,58,32463,7168.17,Yes
CUST1587,23,123878,1068.48,Yes
CUST1588,23,40478,3434.9,Yes
CUST1589,25,36810,5778.45,Yes
CUST1590,32,56485,5707.3,Yes
CUST1591,55,144308,6980.63,Yes
CUST1592,59,89561,6435.03,No
CUST1593,32,62171,4877.64,Yes
CUST1594,51,57814,7293.87,Yes
CUST1595,45,132589,6029.72,Yes
CUST1596,69,64824,7575.63,Yes
CUST1597,31,105306,3793.58,Yes
CUST1598,48,107790,5450.38,Yes
CUST1599,61,88687,4355.61,No
CUST1600,64,134596,6208.87,No
CUST1601,27,80368,4670.67,Yes
CUST1602,21,75994,4622.22,No
CUST1603,21,70995,3010.27,Yes
CUST1604,21,76895,5462.31,Yes
CUST1605,51,45545,6673.23,Yes
CUST1606,53,149619,6512.29,No
CUST1607,34,126200,475.95,No
CUST1608,46,57586,2570.53,Yes
CUST1609,55,54424,8007.71,Yes
CUST1610,18,97623,4718.56,Yes
CUST1611,55,34324,4776.59,Yes
CUST1612,47,55534,6748.0,No
CUST1613,36,51686,5294.97,Yes
CUST1614,32,138900,4051.11,Yes
CUST1615,57,40507,4685.23,No
CUST1616,24,125751,7845.74,No
CUST1617,46,98773,2927.91,Yes
CUST1618,28,120933,6951.84,No
CUST1619,50,121828,4531.41,Yes
CUST1620,64,130871,4593.16,No
CUST1621,47,106446,7794.37,No
CUST1622,36,32583,4035.69,No
CUST1623,54,139874,6252.59,Yes
CUST1624,47,22381,4455.42,No
CUST1625,57,28810,2851.9,No
CUST1626,46,149178,4750.97,No
CUST1627,47,27960,6753.39,No
CUST1628,57,138399,4721.16,Yes
CUST1629,44,116657,5824.13,No
CUST1630,45,85111,5282.83,Yes
CUST1631,60,88353,5070.25,No
CUST1632,30,60109,4373.75,Yes
CUST1633,35,99802,5197.67,No
CUST1634,25,132021,1950.66,Yes
CUST1635,45,65295,4327.52,Yes
CUST1636,25,119857,2294.08,No
CUST1637,37,39128,5404.55,Yes
CUST1638,69,132929,5531.99,No
CUST1639,50,100299,3805.9,Yes
CUST1640,30,69995,6201.96,No
CUST1641,56,21538,5593.75,No
CUST1642,69,129920,5440.36,Yes
CUST1643,50,31610,4457.89,No
CUST1644,48,95859,5709.19,No
CUST1645,40,27066,6581.31,Yes
CUST1646,23,23482,4009.34,Yes
CUST1647,45,110483,3774.73,Yes
CUST1648,49,138708,6783.52,No
CUST1649,59,83543,1522.36,Yes
CUST1650,40,38439,1074.06,No
CUST1651,30,136670,2277.91,Yes
CUST1652,63,26883,5272.61,No
CUST1653,40,89791,5228.56,No
CUST1654,56,123247,5744.76,Yes
CUST1655,36,75756,5113.97,Yes
CUST1656,47,111054,7306.07,No
CUST1657,47,148855,7363.68,Yes
CUST1658,36,53990,6738.52,Yes
CUST1659,49,83301,3266.3,Yes
CUST1660,67,47447,5545.37,No
CUST1661,52,42620,3700.7,Yes
CUST1662,37,122754,4248.93,Yes
CUST1663,47,123127,3464.96,No
CUST1664,63,145141,5016.07,Yes
CUST1665,61,79466,5816.19,Yes
CUST1666,69,113583,5118.04,Yes
CUST1667,40,123029,3209.95,No
CUST1668,33,70318,2710.95,No
CUST1669,25,79960,3856.87,Yes
CUST1670,66,98039,3833.54,No
CUST1671,46,41505,6176.41,Yes
CUST1672,37,132596,4521.08,Yes
CUST1673,45,123115,4717.0,No
CUST1674,61,128876,4764.6,Yes
CUST1675,37,141071,6645.27,No
CUST1676,33,88570,7454.17,No
CUST1677,24,91314,5640.59,No
CUST1678,42,83550,4627.54,Yes
CUST1679,40,76237,7103.75,No
CUST1680,29,33121,5657.36,Yes
CUST1681,55,47956,4368.35,No
CUST1682,19,116540,6515.86,Yes
CUST1683,47,43127,5310.84,Yes
CUST1684,33,54086,2848.95,Yes
CUST1685,69,101044,5940.36,No
CUST1686,52,56449,5449.74,Yes
CUST1687,40,82643,2215.04,No
CUST1688,63,74382,1773.44,No
CUST1689,69,34907,5204.45,Yes
CUST1690,60,131966,6025.03,No
CUST1691,40,133088,5912.87,Yes
CUST1692,63,89134,2958.53,No
CUST1693,57,128001,4479.49,Yes
CUST1694,36,40788,5999.88,Yes
CUST1695,58,140876,2696.37,No
CUST1696,62,135216,5127.92,No
CUST1697,34,133344,5319.99,Yes
CUST1698,35,128909,6385.63,Yes
CUST1699,61,43661,1319.16,Yes
CUST1700,42,54043,5217.48,Yes
CUST1701,56,22974,8027.18,Yes
CUST1702,18,71154,4068.19,Yes
CUST1703,66,38404,4525.64,Yes
CUST1704,51,106538,6430.99,Yes
CUST1705,36,137805,3855.29,No
CUST1706,25,113400,6735.43,No
CUST1707,32,27758,5810.8,Yes
CUST1708,54,79495,2638.89,Yes
CUST1709,44,63875,5150.89,Yes
CUST1710,50,53083,2811.53,No
CUST1711,19,146817,6428.82,Yes
CUST1712,66,85194,2478.99,Yes
CUST1713,42,89312,2282.37,Yes
CUST1714,40,128805,3294.04,No
CUST1715,52,48250,3795.39,Yes
CUST1716,48,109932,6972.41,Yes
CUST1717,39,32855,4972.61,Yes
CUST1718,22,51217,5436.51,No
CUST1719,21,61258,6612.35,No
CUST1720,66,87860,3953.29,Yes
CUST1721,36,30990,4132.51,No
CUST1722,51,134776,3728.82,Yes
CUST1723,29,27108,6177.36,Yes
CUST1724,29,28466,7449.91,Yes
CUST1725,30,55932,5388.11,No
CUST1726,22,49105,4065.08,Yes
CUST1727,63,77555,4219.46,No
CUST1728,18,136879,3331.53,No
CUST1729,43,136241,6096.72,Yes
CUST1730,58,64221,3405.61,No
CUST1731,25,106151,4618.05,No
CUST1732,25,106908,3246.56,Yes
CUST1733,51,111623,2150.81,No
CUST1734,25,68064,1190.07,No
CUST1735,52,90711,3665.06,Yes
CUST1736,22,45730,5327.12,No
CUST1737,23,149498,4523.28,Yes
CUST1738,57,117779,4664.64,No
CUST1739,68,149156,3392.93,Yes
CUST1740,30,96816,3602.48,Yes
CUST1741,63,146413,3398.45,No
CUST1742,50,43108,5316.85,No
CUST1743,39,61246,8071.48,No
CUST1744,68,71252,4795.44,Yes
CUST1745,46,78324,2946.08,Yes
CUST1746,25,26564,6908.93,Yes
CUST1747,46,127874,3502.15,Yes
CUST1748,65,82651,5836.3,No
CUST1749,43,28946,4336.02,No
CUST1750,59,78084,5121.62,No
CUST1751,51,27711,10149.0,No
CUST1752,19,113548,3878.71,No
CUST1753,31,96707,4119.98,Yes
CUST1754,56,95936,5562.85,Yes
CUST1755,39,30034,4967.08,No
CUST1756,45,58195,4390.89,Yes
CUST1757,56,115237,3967.39,Yes
CUST1758,38,82753,5885.74,No
CUST1759,51,108192,6616.06,No
CUST1760,19,39721,3571.87,Yes
CUST1761,49,144447,3295.35,Yes
CUST1762,67,67011,7744.86,Yes
CUST1763,68,76152,2862.27,Yes
CUST1764,56,126428,6073.0,Yes
CUST1765,46,29766,5658.69,No
CUST1766,29,51371,3345.55,No
CUST1767,68,142156,6139.24,Yes
CUST1768,53,101067,3345.18,No
CUST1769,49,21799,3365.67,No
CUST1770,69,83422,2915.67,Yes
CUST1771,20,22160,6251.42,Yes
CUST1772,21,20952,4325.98,Yes
CUST1773,50,64381,6627.88,Yes
CUST1774,28,37844,3784.79,Yes
CUST1775,50,53128,5921.99,No
CUST1776,51,81080,7111.12,No
CUST1777,23,135499,4870.98,Yes
CUST1778,18,138451,3311.82,No
CUST1779,55,36650,4486.14,Yes
CUST1780,64,55934,6885.11,No
CUST1781,26,58449,6108.64,No
CUST1782,61,98610,4421.02,Yes
CUST1783,62,29340,2383.44,Yes
CUST1784,42,149162,6073.31,Yes
CUST1785,34,38493,7446.36,Yes
CUST1786,50,35271,7472.89,Yes
CUST1787,50,133030,5649.19,Yes
CUST1788,59,95399,4713.46,Yes
CUST1789,42,145647,3820.82,Yes
CUST1790,39,140716,4141.1,No
CUST1791,45,141715,2525.37,Yes
CUST1792,64,59552,8201.83,Yes
CUST1793,53,136483,4959.55,Yes
CUST1794,22,82515,8576.61,Yes
CUST1795,50,63407,4888.25,No
CUST1796,63,27875,2572.52,No
CUST1797,42,27249,7792.35,No
CUST1798,56,43867,3710.26,Yes
CUST1799,69,109922,4343.14,No
CUST1800,60,140719,7472.83,Yes
CUST1801,43,34141,7188.16,Yes
CUST1802,50,96736,1960.69,Yes
CUST1803,58,53299,5001.58,Yes
CUST1804,51,100044,3365.7,No
CUST1805,24,23927,5808.71,No
CUST1806,19,62045,7718.27,Yes
CUST1807,69,111669,4223.77,No
CUST1808,49,53656,7239.83,Yes
CUST1809,25,139168,3607.03,No
CUST1810,31,103263,8258.41,Yes
CUST1811,21,141438,3761.52,No
CUST1812,46,78324,4304.99,Yes
CUST1813,33,37025,5445.44,Yes
CUST1814,47,139789,2899.11,Yes
CUST1815,20,138100,7324.41,Yes
CUST1816,65,124170,3394.97,Yes
CUST1817,37,133852,5920.93,No
CUST1818,50,132844,3066.3,Yes
CUST1819,36,24118,5164.67,No
CUST1820,58,32430,4984.21,Yes
CUST1821,52,44984,4417.64,Yes
CUST1822,48,139982,5733.83,Yes
CUST1823,50,81164,3324.75,Yes
CUST1824,67,35851,7282.8,Yes
CUST1825,64,48264,5303.67,Yes
CUST1826,37,138048,812.83,No
CUST1827,59,146160,8008.34,Yes
CUST1828,38,124646,5679.07,Yes
CUST1829,58,76118,7330.35,Yes
CUST1830,64,101048,4734.6,Yes
CUST1831,68,78829,1606.08,Yes
CUST1832,22,136735,4370.42,No
CUST1833,27,99577,3160.9,Yes
CUST1834,18,36547,4942.28,Yes
CUST1835,44,117337,4275.91,Yes
CUST1836,39,95935,5313.52,Yes
CUST1837,28,111386,2353.39,No
CUST1838,39,124231,5080.67,No
CUST1839,51,74030,4310.63,No
CUST1840,56,148369,5950.26,Yes
CUST1841,55,41469,2461.55,Yes
CUST1842,61,149968,4362.39,Yes
CUST1843,57,123022,7487.6,Yes
CUST1844,51,36141,3228.41,Yes
CUST1845,49,58931,6107.08,Yes
CUST1846,59,76975,6995.76,Yes
CUST1847,25,129409,4984.87,Yes
CUST1848,23,46281,6482.77,Yes
CUST1849,24,103619,6562.16,Yes
CUST1850,41,81465,7354.63,Yes
CUST1851,40,136093,4448.25,Yes
CUST1852,60,86739,4831.55,Yes
CUST1853,57,144962,6206.18,No
CUST1854,49,100022,3881.53,Yes
CUST1855,55,105793,5072.08,No
CUST1856,56,74903,3952.14,Yes
CUST1857,41,142211,1506.44,No
CUST1858,46,64349,5502.37,No
CUST1859,54,124398,7553.65,Yes
CUST1860,20,72871,4441.9,Yes
CUST1861,28,139968,5126.45,No
CUST1862,38,99491,4320.34,No
CUST1863,18,114531,3888.55,No
CUST1864,34,93695,5204.16,No
CUST1865,48,93080,6609.4,No
CUST1866,21,27097,8323.77,No
CUST1867,32,110464,6239.71,No
CUST1868,62,71374,3557.95,Yes
CUST1869,66,22777,2859.48,No
CUST1870,69,127925,6960.25,No
CUST1871,23,106620,5475.07,No
CUST1872,67,29471,4084.31,No
CUST1873,28,82051,3415.74,Yes
CUST1874,61,60804,3788.42,Yes
CUST1875,64,71028,6850.14,Yes
CUST1876,45,39514,4966.46,No
CUST1877,51,50784,2899.3,Yes
CUST1878,26,123976,6308.87,No
CUST1879,22,74606,5465.15,Yes
CUST1880,57,137326,4563.3,Yes
CUST1881,50,121224,5911.57,Yes
CUST1882,65,94814,3758.47,Yes
CUST1883,51,125918,6445.86,Yes
CUST1884,25,102735,2862.71,No
CUST1885,51,42811,3644.84,Yes
CUST1886,32,135143,2934.68,Yes
CUST1887,31,26648,4375.16,No
CUST1888,61,79918,3863.82,Yes
CUST1889,39,41341,4456.03,Yes
CUST1890,54,22995,5007.15,Yes
CUST1891,30,149426,5831.38,No
CUST1892,44,30702,5219.8,Yes
CUST1893,36,135978,5377.79,Yes
CUST1894,55,128707,7406.49,No
CUST1895,53,57297,4600.26,No
CUST1896,30,51965,2812.5,No
CUST1897,59,97647,6427.07,Yes
CUST1898,53,80409,7753.8,Yes
CUST1899,43,124665,5280.93,Yes
CUST1900,55,110500,6259.3,Yes
CUST1901,19,111653,4016.57,No
CUST1902,62,127753,5278.51,No
CUST1903,59,111236,5955.54,No
CUST1904,61,77832,5567.86,Yes
CUST1905,18,48886,4190.45,Yes
CUST1906,33,45757,7445.94,Yes
CUST1907,46,24603,5259.22,Yes
CUST1908,58,95189,6395.3,Yes
CUST1909,24,85488,5608.67,No
CUST1910,67,54632,6310.51,No
CUST1911,68,149565,6399.88,Yes
CUST1912,50,145478,4675.77,Yes
CUST1913,44,30086,6250.52,Yes
CUST1914,38,51310,8240.68,No
CUST1915,56,59416,7998.49,No
CUST1916,19,149846,6146.06,Yes
CUST1917,34,40778,7530.88,Yes
CUST1918,43,37636,3038.04,No
CUST1919,37,96608,7208.59,No
CUST1920,48,43620,5112.31,Yes
CUST1921,18,120908,2319.6,Yes
CUST1922,60,39557,5247.82,Yes
CUST1923,65,42356,6464.44,No
CUST1924,39,52841,3955.96,Yes
CUST1925,51,76242,7905.7,Yes
CUST1926,19,73328,7023.84,Yes
CUST1927,43,46546,3087.33,Yes
CUST1928,56,70211,6513.64,Yes
CUST1929,30,51974,5167.96,No
CUST1930,66,127976,4172.48,No
CUST1931,36,68271,4525.05,No
CUST1932,31,132679,4332.51,Yes
CUST1933,31,64674,3175.59,Yes
CUST1934,42,131217,4327.52,Yes
CUST1935,62,94147,6039.03,Yes
CUST1936,44,84353,7138.91,No
CUST1937,37,121199,7187.51,Yes
CUST1938,57,85551,4139.96,Yes
CUST1939,52,68271,4824.13,No
CUST1940,33,38910,3710.94,No
CUST1941,55,22626,6545.0,Yes
CUST1942,56,20930,2527.77,No
CUST1943,50,30195,2955.09,No
CUST1944,54,39065,4046.23,Yes
CUST1945,52,125437,5377.21,Yes
CUST1946,69,138034,4518.28,No
CUST1947,64,103174,5049.6,Yes
CUST1948,19,30058,5071.3,Yes
CUST1949,50,20380,5349.92,No
CUST1950,48,111282,3448.31,Yes
CUST1951,55,144569,4490.96,Yes
CUST1952,25,69041,5866.42,Yes
CUST1953,66,133969,5420.34,Yes
CUST1954,68,39749,6639.96,No
CUST1955,68,118836,3880.66,No
CUST1956,50,42824,6359.39,No
CUST1957,61,100180,7199.94,Yes
CUST1958,59,49934,4786.11,Yes
CUST1959,23,47031,5398.9,No
CUST1960,19,75826,5337.78,No
CUST1961,51,84335,5803.51,Yes
CUST1962,69,122579,5581.88,No
CUST1963,48,64960,7204.23,No
CUST1964,36,66373,5770.05,No
CUST1965,67,111166,6296.75,Yes
CUST1966,35,41800,5497.29,No
CUST1967,36,63442,3437.34,No
CUST1968,49,48361,5650.04,No
CUST1969,25,119652,4655.07,Yes
CUST1970,39,78110,4047.37,No
CUST1971,36,71536,3658.44,Yes
CUST1972,64,92079,4894.4,Yes
CUST1973,62,42335,4088.8,Yes
CUST1974,45,72160,8059.51,Yes
CUST1975,27,33427,7395.16,No
CUST1976,22,35579,4599.6,No
CUST1977,31,25908,6063.74,No
CUST1978,41,71561,6735.44,Yes
CUST1979,49,29654,4740.74,Yes
CUST1980,69,141751,7772.35,No
CUST1981,55,119590,6383.17,Yes
CUST1982,18,67640,4847.44,Yes
CUST1983,36,28704,2301.05,Yes
CUST1984,49,108568,3551.07,Yes
CUST1985,19,86558,5478.04,Yes
CUST1986,38,134864,4342.6,Yes
CUST1987,32,62229,4968.87,Yes
CUST1988,59,128530,3819.03,No
CUST1989,22,57840,5370.38,No
CUST1990,43,58812,4312.55,No
CUST1991,37,139256,2670.94,Yes
CUST1992,45,36374,4487.54,No
CUST1993,46,60321,4141.96,Yes
CUST1994,26,101353,2672.51,Yes
CUST1995,63,82997,7134.77,Yes
CUST1996,30,134688,4885.92,Yes
CUST1997,64,101484,4509.7,No
CUST1998,67,137152,6125.56,No
CUST1999,29,77768,4876.11,Yes
